"pl_rec","pl_year","pl_month","pl_day","pl_heure","pl_latitude","pl_longitude","ctd_rec","ctd_year","ctd_month","ctd_day","ctd_time","ctd_latitude","ctd_longitude","ctd_odf_filename","match_code"
1,1978,10,12,323,42,-67.16,1583,1978,10,12,406,42,-67.1667,"CTD_78031_9_1_UP.ODF",2
1,1978,10,12,323,42,-67.16,1584,1978,10,12,603,42.1667,-67.16,"CTD_78031_10_1_UP.ODF",2
1,1978,10,12,323,42,-67.16,1587,1978,10,12,900,42.1667,-67.1717,"CTD_78031_13_1_UP.ODF",2
1,1978,10,12,323,42,-67.16,1588,1978,10,12,930,42.125,-67.17,"CTD_78031_14_1_UP.ODF",2
1,1978,10,12,323,42,-67.16,1589,1978,10,12,958,42.0833,-67.1683,"CTD_78031_15_1_UP.ODF",2
1,1978,10,12,323,42,-67.16,1590,1978,10,12,1025,42.0417,-67.1667,"CTD_78031_16_1_UP.ODF",2
1,1978,10,12,323,42,-67.16,1591,1978,10,12,1051,42,-67.1667,"CTD_78031_17_1_UP.ODF",2
2,1978,10,12,2100,41.75,-67.16,1583,1978,10,12,406,42,-67.1667,"CTD_78031_9_1_UP.ODF",3
2,1978,10,12,2100,41.75,-67.16,1591,1978,10,12,1051,42,-67.1667,"CTD_78031_17_1_UP.ODF",3
2,1978,10,12,2100,41.75,-67.16,1600,1978,10,12,2128,41.75,-67.5,"CTD_78031_26_1_UP.ODF",3
3,1978,10,12,2351,42.09,-67.16,1583,1978,10,12,406,42,-67.1667,"CTD_78031_9_1_UP.ODF",2
3,1978,10,12,2351,42.09,-67.16,1584,1978,10,12,603,42.1667,-67.16,"CTD_78031_10_1_UP.ODF",2
3,1978,10,12,2351,42.09,-67.16,1585,1978,10,12,737,42.25,-67.1633,"CTD_78031_11_1_UP.ODF",2
3,1978,10,12,2351,42.09,-67.16,1586,1978,10,12,814,42.2078,-67.1667,"CTD_78031_12_1_UP.ODF",2
3,1978,10,12,2351,42.09,-67.16,1587,1978,10,12,900,42.1667,-67.1717,"CTD_78031_13_1_UP.ODF",2
3,1978,10,12,2351,42.09,-67.16,1588,1978,10,12,930,42.125,-67.17,"CTD_78031_14_1_UP.ODF",2
3,1978,10,12,2351,42.09,-67.16,1589,1978,10,12,958,42.0833,-67.1683,"CTD_78031_15_1_UP.ODF",2
3,1978,10,12,2351,42.09,-67.16,1590,1978,10,12,1025,42.0417,-67.1667,"CTD_78031_16_1_UP.ODF",2
3,1978,10,12,2351,42.09,-67.16,1591,1978,10,12,1051,42,-67.1667,"CTD_78031_17_1_UP.ODF",2
4,1978,10,13,109,42.15,-67.15,1601,1978,10,13,4,42.0933,-67.2517,"CTD_78031_51_1_UP.ODF",2
4,1978,10,13,109,42.15,-67.15,1602,1978,10,13,101,42.0933,-67.2517,"CTD_78031_52_1_UP.ODF",2
4,1978,10,13,109,42.15,-67.15,1603,1978,10,13,200,42.0933,-67.2517,"CTD_78031_53_1_UP.ODF",2
4,1978,10,13,109,42.15,-67.15,1604,1978,10,13,259,42.0933,-67.2517,"CTD_78031_54_1_UP.ODF",2
4,1978,10,13,109,42.15,-67.15,1605,1978,10,13,449,42.25,-67.2417,"CTD_78031_27_1_UP.ODF",2
4,1978,10,13,109,42.15,-67.15,1606,1978,10,13,525,42.2083,-67.2367,"CTD_78031_28_1_UP.ODF",2
4,1978,10,13,109,42.15,-67.15,1607,1978,10,13,554,42.1667,-67.2367,"CTD_78031_29_1_UP.ODF",2
4,1978,10,13,109,42.15,-67.15,1608,1978,10,13,702,42.125,-67.24,"CTD_78031_30_1_UP.ODF",2
4,1978,10,13,109,42.15,-67.15,1609,1978,10,13,729,42.0833,-67.24,"CTD_78031_31_1_UP.ODF",2
4,1978,10,13,109,42.15,-67.15,1610,1978,10,13,753,42.0333,-67.2333,"CTD_78031_32_1_UP.ODF",2
4,1978,10,13,109,42.15,-67.15,1611,1978,10,13,814,42,-67.2333,"CTD_78031_33_1_UP.ODF",2
4,1978,10,13,109,42.15,-67.15,1612,1978,10,13,846,42.0417,-67.2333,"CTD_78031_34_1_UP.ODF",2
4,1978,10,13,109,42.15,-67.15,1613,1978,10,13,907,42.0833,-67.2333,"CTD_78031_35_1_UP.ODF",2
4,1978,10,13,109,42.15,-67.15,1614,1978,10,13,924,42.1033,-67.2333,"CTD_78031_36_1_UP.ODF",2
4,1978,10,13,109,42.15,-67.15,1615,1978,10,13,955,42.105,-67.2417,"CTD_78031_37_1_UP.ODF",2
4,1978,10,13,109,42.15,-67.15,1616,1978,10,13,1103,42.1105,-67.2487,"CTD_78031_38_1_UP.ODF",2
4,1978,10,13,109,42.15,-67.15,1617,1978,10,13,1213,42.0933,-67.2517,"CTD_78031_39_1_UP.ODF",2
4,1978,10,13,109,42.15,-67.15,1618,1978,10,13,1304,42.0933,-67.2517,"CTD_78031_40_1_UP.ODF",2
4,1978,10,13,109,42.15,-67.15,1619,1978,10,13,1403,42.0933,-67.2517,"CTD_78031_41_1_UP.ODF",2
4,1978,10,13,109,42.15,-67.15,1620,1978,10,13,1502,42.0933,-67.2517,"CTD_78031_42_1_UP.ODF",2
4,1978,10,13,109,42.15,-67.15,1621,1978,10,13,1600,42.0933,-67.2517,"CTD_78031_43_1_UP.ODF",2
4,1978,10,13,109,42.15,-67.15,1622,1978,10,13,1701,42.0933,-67.2517,"CTD_78031_44_1_UP.ODF",2
4,1978,10,13,109,42.15,-67.15,1623,1978,10,13,1801,42.0933,-67.2517,"CTD_78031_45_1_UP.ODF",2
4,1978,10,13,109,42.15,-67.15,1624,1978,10,13,1859,42.0933,-67.2517,"CTD_78031_46_1_UP.ODF",2
4,1978,10,13,109,42.15,-67.15,1625,1978,10,13,2002,42.0933,-67.2517,"CTD_78031_47_1_UP.ODF",2
4,1978,10,13,109,42.15,-67.15,1626,1978,10,13,2105,42.0933,-67.2517,"CTD_78031_48_1_UP.ODF",2
4,1978,10,13,109,42.15,-67.15,1627,1978,10,13,2202,42.0933,-67.2517,"CTD_78031_49_1_UP.ODF",2
4,1978,10,13,109,42.15,-67.15,1628,1978,10,13,2302,42.0933,-67.2517,"CTD_78031_50_1_UP.ODF",2
5,1978,10,13,237,42.19,-67.15,1601,1978,10,13,4,42.0933,-67.2517,"CTD_78031_51_1_UP.ODF",2
5,1978,10,13,237,42.19,-67.15,1602,1978,10,13,101,42.0933,-67.2517,"CTD_78031_52_1_UP.ODF",2
5,1978,10,13,237,42.19,-67.15,1603,1978,10,13,200,42.0933,-67.2517,"CTD_78031_53_1_UP.ODF",2
5,1978,10,13,237,42.19,-67.15,1604,1978,10,13,259,42.0933,-67.2517,"CTD_78031_54_1_UP.ODF",2
5,1978,10,13,237,42.19,-67.15,1605,1978,10,13,449,42.25,-67.2417,"CTD_78031_27_1_UP.ODF",2
5,1978,10,13,237,42.19,-67.15,1606,1978,10,13,525,42.2083,-67.2367,"CTD_78031_28_1_UP.ODF",2
5,1978,10,13,237,42.19,-67.15,1607,1978,10,13,554,42.1667,-67.2367,"CTD_78031_29_1_UP.ODF",2
5,1978,10,13,237,42.19,-67.15,1608,1978,10,13,702,42.125,-67.24,"CTD_78031_30_1_UP.ODF",2
5,1978,10,13,237,42.19,-67.15,1609,1978,10,13,729,42.0833,-67.24,"CTD_78031_31_1_UP.ODF",2
5,1978,10,13,237,42.19,-67.15,1610,1978,10,13,753,42.0333,-67.2333,"CTD_78031_32_1_UP.ODF",2
5,1978,10,13,237,42.19,-67.15,1611,1978,10,13,814,42,-67.2333,"CTD_78031_33_1_UP.ODF",2
5,1978,10,13,237,42.19,-67.15,1612,1978,10,13,846,42.0417,-67.2333,"CTD_78031_34_1_UP.ODF",2
5,1978,10,13,237,42.19,-67.15,1613,1978,10,13,907,42.0833,-67.2333,"CTD_78031_35_1_UP.ODF",2
5,1978,10,13,237,42.19,-67.15,1614,1978,10,13,924,42.1033,-67.2333,"CTD_78031_36_1_UP.ODF",2
5,1978,10,13,237,42.19,-67.15,1615,1978,10,13,955,42.105,-67.2417,"CTD_78031_37_1_UP.ODF",2
5,1978,10,13,237,42.19,-67.15,1616,1978,10,13,1103,42.1105,-67.2487,"CTD_78031_38_1_UP.ODF",2
5,1978,10,13,237,42.19,-67.15,1617,1978,10,13,1213,42.0933,-67.2517,"CTD_78031_39_1_UP.ODF",2
5,1978,10,13,237,42.19,-67.15,1618,1978,10,13,1304,42.0933,-67.2517,"CTD_78031_40_1_UP.ODF",2
5,1978,10,13,237,42.19,-67.15,1619,1978,10,13,1403,42.0933,-67.2517,"CTD_78031_41_1_UP.ODF",2
5,1978,10,13,237,42.19,-67.15,1620,1978,10,13,1502,42.0933,-67.2517,"CTD_78031_42_1_UP.ODF",2
5,1978,10,13,237,42.19,-67.15,1621,1978,10,13,1600,42.0933,-67.2517,"CTD_78031_43_1_UP.ODF",2
5,1978,10,13,237,42.19,-67.15,1622,1978,10,13,1701,42.0933,-67.2517,"CTD_78031_44_1_UP.ODF",2
5,1978,10,13,237,42.19,-67.15,1623,1978,10,13,1801,42.0933,-67.2517,"CTD_78031_45_1_UP.ODF",2
5,1978,10,13,237,42.19,-67.15,1624,1978,10,13,1859,42.0933,-67.2517,"CTD_78031_46_1_UP.ODF",2
5,1978,10,13,237,42.19,-67.15,1625,1978,10,13,2002,42.0933,-67.2517,"CTD_78031_47_1_UP.ODF",2
5,1978,10,13,237,42.19,-67.15,1626,1978,10,13,2105,42.0933,-67.2517,"CTD_78031_48_1_UP.ODF",2
5,1978,10,13,237,42.19,-67.15,1627,1978,10,13,2202,42.0933,-67.2517,"CTD_78031_49_1_UP.ODF",2
5,1978,10,13,237,42.19,-67.15,1628,1978,10,13,2302,42.0933,-67.2517,"CTD_78031_50_1_UP.ODF",2
6,1978,10,16,1601,41.4,-66.97,1684,1978,10,16,1544,41.5833,-67,"CTD_78031_107_1_UP.ODF",2
6,1978,10,16,1601,41.4,-66.97,1685,1978,10,16,1649,41.4167,-67,"CTD_78031_108_1_UP.ODF",2
6,1978,10,16,1601,41.4,-66.97,1686,1978,10,16,1911,41.5833,-67.1083,"CTD_78031_109_1_UP.ODF",2
7,1978,10,16,2247,42.14,-67.23,1665,1978,10,16,28,42.145,-67.2333,"CTD_78031_116_1_UP.ODF",2
7,1978,10,16,2247,42.14,-67.23,1666,1978,10,16,45,42.1667,-67.2333,"CTD_78031_117_1_UP.ODF",2
7,1978,10,16,2247,42.14,-67.23,1667,1978,10,16,111,42.2083,-67.2333,"CTD_78031_118_1_UP.ODF",2
7,1978,10,16,2247,42.14,-67.23,1668,1978,10,16,141,42.25,-67.2333,"CTD_78031_119_1_UP.ODF",2
7,1978,10,16,2247,42.14,-67.23,1669,1978,10,16,329,42.335,-67.2333,"CTD_78031_120_1_UP.ODF",2
7,1978,10,16,2247,42.14,-67.23,1690,1978,10,16,2233,42,-67.2333,"CTD_78031_113_1_UP.ODF",2
7,1978,10,16,2247,42.14,-67.23,1691,1978,10,16,2249,42.0417,-67.2333,"CTD_78031_114_1_UP.ODF",2
7,1978,10,16,2247,42.14,-67.23,1692,1978,10,16,2306,42.0833,-67.2333,"CTD_78031_115_1_UP.ODF",2
8,1978,10,17,130,42.27,-67.24,1697,1978,10,17,258,42.0833,-67.2333,"CTD_78031_141_1_UP.ODF",2
8,1978,10,17,130,42.27,-67.24,1698,1978,10,17,312,42.125,-67.2333,"CTD_78031_142_1_UP.ODF",2
8,1978,10,17,130,42.27,-67.24,1699,1978,10,17,330,42.1667,-67.2333,"CTD_78031_143_1_UP.ODF",2
8,1978,10,17,130,42.27,-67.24,1700,1978,10,17,353,42.2083,-67.2333,"CTD_78031_144_1_UP.ODF",2
8,1978,10,17,130,42.27,-67.24,1701,1978,10,17,411,42.4167,-67.2333,"CTD_78031_121_1_UP.ODF",2
9,1978,10,18,938,42.08,-66.66,1717,1978,10,18,49,42,-66.6667,"CTD_78031_157_1_UP.ODF",2
9,1978,10,18,938,42.08,-66.66,1718,1978,10,18,133,42.0417,-66.6667,"CTD_78031_158_1_UP.ODF",2
9,1978,10,18,938,42.08,-66.66,1719,1978,10,18,153,42.0833,-66.6667,"CTD_78031_159_1_UP.ODF",2
9,1978,10,18,938,42.08,-66.66,1720,1978,10,18,237,42.1667,-66.6667,"CTD_78031_160_1_UP.ODF",2
9,1978,10,18,938,42.08,-66.66,1721,1978,10,18,259,42.2083,-66.6667,"CTD_78031_161_1_UP.ODF",2
9,1978,10,18,938,42.08,-66.66,1722,1978,10,18,326,42.25,-66.6667,"CTD_78031_162_1_UP.ODF",2
9,1978,10,18,938,42.08,-66.66,1724,1978,10,18,655,42.2417,-66.65,"CTD_78031_146_1_UP.ODF",2
9,1978,10,18,938,42.08,-66.66,1725,1978,10,18,721,42.2083,-66.6583,"CTD_78031_147_1_UP.ODF",2
9,1978,10,18,938,42.08,-66.66,1726,1978,10,18,758,42.1667,-66.67,"CTD_78031_148_1_UP.ODF",2
9,1978,10,18,938,42.08,-66.66,1727,1978,10,18,819,42.125,-66.6667,"CTD_78031_149_1_UP.ODF",2
9,1978,10,18,938,42.08,-66.66,1728,1978,10,18,841,42.0833,-66.6667,"CTD_78031_150_1_UP.ODF",2
9,1978,10,18,938,42.08,-66.66,1729,1978,10,18,859,42.0433,-66.665,"CTD_78031_151_1_UP.ODF",2
9,1978,10,18,938,42.08,-66.66,1730,1978,10,18,914,42,-66.6667,"CTD_78031_152_1_UP.ODF",2
9,1978,10,18,938,42.08,-66.66,1731,1978,10,18,1014,42.0833,-66.6667,"CTD_78031_153_1_UP.ODF",2
9,1978,10,18,938,42.08,-66.66,1732,1978,10,18,1729,42.1167,-66.755,"CTD_78031_154_1_UP.ODF",2
9,1978,10,18,938,42.08,-66.66,1733,1978,10,18,2231,41.9833,-66.5433,"CTD_78031_155_1_UP.ODF",2
9,1978,10,18,938,42.08,-66.66,1734,1978,10,18,2334,42.03,-66.55,"CTD_78031_156_1_UP.ODF",2
10,1978,10,18,1509,42.14,-66,1724,1978,10,18,655,42.2417,-66.65,"CTD_78031_146_1_UP.ODF",3
10,1978,10,18,1509,42.14,-66,1733,1978,10,18,2231,41.9833,-66.5433,"CTD_78031_155_1_UP.ODF",3
10,1978,10,18,1509,42.14,-66,1734,1978,10,18,2334,42.03,-66.55,"CTD_78031_156_1_UP.ODF",3
11,1978,10,18,2240,42.02,-66,1729,1978,10,18,859,42.0433,-66.665,"CTD_78031_151_1_UP.ODF",3
11,1978,10,18,2240,42.02,-66,1733,1978,10,18,2231,41.9833,-66.5433,"CTD_78031_155_1_UP.ODF",3
11,1978,10,18,2240,42.02,-66,1734,1978,10,18,2334,42.03,-66.55,"CTD_78031_156_1_UP.ODF",3
12,1979,4,21,201,43.99,-61.69,2613,1979,4,21,1802,78.425,-105.4333,"CTD_79700_037_80-2_DN.ODF",3
13,1981,10,9,10,44.01,-62.95,NA,NA,NA,NA,NA,NA,NA,NA,0
14,1981,10,18,930,43.97,-62.9,NA,NA,NA,NA,NA,NA,NA,NA,0
15,1981,10,18,1600,44.01,-62.93,NA,NA,NA,NA,NA,NA,NA,NA,0
16,1981,10,18,2315,44.01,-62.89,NA,NA,NA,NA,NA,NA,NA,NA,0
17,1984,10,18,2100,43.89,-62.89,NA,NA,NA,NA,NA,NA,NA,NA,0
18,1984,10,20,2330,43.77,-58.55,NA,NA,NA,NA,NA,NA,NA,NA,0
19,1984,10,22,1300,45.78,-58.78,NA,NA,NA,NA,NA,NA,NA,NA,0
20,1984,10,22,1400,45.81,-58.74,NA,NA,NA,NA,NA,NA,NA,NA,0
21,1984,10,23,200,46.17,-57.84,NA,NA,NA,NA,NA,NA,NA,NA,0
22,1984,10,23,300,46.14,-57.81,NA,NA,NA,NA,NA,NA,NA,NA,0
23,1984,10,23,1400,45.43,-57.11,NA,NA,NA,NA,NA,NA,NA,NA,0
24,1984,10,23,1530,45.39,-57.07,NA,NA,NA,NA,NA,NA,NA,NA,0
25,1984,10,23,2256,44.79,-56.63,NA,NA,NA,NA,NA,NA,NA,NA,0
26,1984,10,24,923,44.53,-56.4,NA,NA,NA,NA,NA,NA,NA,NA,0
27,1984,10,24,1110,44.5,-56.21,NA,NA,NA,NA,NA,NA,NA,NA,0
28,1984,10,26,930,43.37,-62.26,NA,NA,NA,NA,NA,NA,NA,NA,0
29,1984,10,26,2000,43.69,-62.68,NA,NA,NA,NA,NA,NA,NA,NA,0
30,1984,10,26,2338,43.87,-62.91,NA,NA,NA,NA,NA,NA,NA,NA,0
31,1984,10,27,100,43.89,-62.94,NA,NA,NA,NA,NA,NA,NA,NA,0
32,1984,10,27,1100,43.95,-62.93,NA,NA,NA,NA,NA,NA,NA,NA,0
33,1984,10,28,1920,43.67,-63.84,NA,NA,NA,NA,NA,NA,NA,NA,0
34,1985,6,4,1830,43.17,-62.33,9088,1985,6,4,228,28.4983,-22.935,"CTD_85014_49_1_DN.ODF",3
34,1985,6,4,1830,43.17,-62.33,9089,1985,6,4,337,28.5217,-22.945,"CTD_85014_50_1_DN.ODF",3
34,1985,6,4,1830,43.17,-62.33,9090,1985,6,4,523,28.5183,-22.905,"CTD_85014_39_1_DN.ODF",3
35,1985,6,4,2130,43.55,-62.63,9088,1985,6,4,228,28.4983,-22.935,"CTD_85014_49_1_DN.ODF",3
35,1985,6,4,2130,43.55,-62.63,9089,1985,6,4,337,28.5217,-22.945,"CTD_85014_50_1_DN.ODF",3
35,1985,6,4,2130,43.55,-62.63,9090,1985,6,4,523,28.5183,-22.905,"CTD_85014_39_1_DN.ODF",3
36,1985,6,5,830,43.77,-62.63,9096,1985,6,5,142,28.6333,-23.2167,"CTD_85014_65_1_DN.ODF",3
36,1985,6,5,830,43.77,-62.63,9097,1985,6,5,247,28.6167,-23.2033,"CTD_85014_66_1_DN.ODF",3
36,1985,6,5,830,43.77,-62.63,9107,1985,6,5,2255,28.9167,-22.95,"CTD_85014_64_1_DN.ODF",3
37,1985,6,5,1300,44,-62.98,9096,1985,6,5,142,28.6333,-23.2167,"CTD_85014_65_1_DN.ODF",3
37,1985,6,5,1300,44,-62.98,9097,1985,6,5,247,28.6167,-23.2033,"CTD_85014_66_1_DN.ODF",3
37,1985,6,5,1300,44,-62.98,9107,1985,6,5,2255,28.9167,-22.95,"CTD_85014_64_1_DN.ODF",3
38,1985,6,5,1945,43.99,-63.09,9096,1985,6,5,142,28.6333,-23.2167,"CTD_85014_65_1_DN.ODF",3
38,1985,6,5,1945,43.99,-63.09,9097,1985,6,5,247,28.6167,-23.2033,"CTD_85014_66_1_DN.ODF",3
38,1985,6,5,1945,43.99,-63.09,9107,1985,6,5,2255,28.9167,-22.95,"CTD_85014_64_1_DN.ODF",3
39,1985,6,5,2130,43.72,-63.01,9096,1985,6,5,142,28.6333,-23.2167,"CTD_85014_65_1_DN.ODF",3
39,1985,6,5,2130,43.72,-63.01,9097,1985,6,5,247,28.6167,-23.2033,"CTD_85014_66_1_DN.ODF",3
39,1985,6,5,2130,43.72,-63.01,9107,1985,6,5,2255,28.9167,-22.95,"CTD_85014_64_1_DN.ODF",3
40,1985,6,6,845,44.36,-63.29,9111,1985,6,6,440,28.5967,-23.1483,"CTD_85014_67_1_DN.ODF",3
40,1985,6,6,845,44.36,-63.29,9112,1985,6,6,553,28.5833,-23.1167,"CTD_85014_68_1_DN.ODF",3
40,1985,6,6,845,44.36,-63.29,9113,1985,6,6,701,28.555,-23.075,"CTD_85014_69_1_DN.ODF",3
41,1985,6,7,900,45.41,-60.16,9121,1985,6,7,53,28.585,-22.9267,"CTD_85014_97_1_DN.ODF",3
41,1985,6,7,900,45.41,-60.16,9122,1985,6,7,229,28.5667,-22.95,"CTD_85014_98_1_DN.ODF",3
41,1985,6,7,900,45.41,-60.16,9132,1985,6,7,2346,28.6167,-22.8833,"CTD_85014_96_1_DN.ODF",3
42,1985,6,7,2030,44.93,-59.55,9121,1985,6,7,53,28.585,-22.9267,"CTD_85014_97_1_DN.ODF",3
42,1985,6,7,2030,44.93,-59.55,9122,1985,6,7,229,28.5667,-22.95,"CTD_85014_98_1_DN.ODF",3
42,1985,6,7,2030,44.93,-59.55,9132,1985,6,7,2346,28.6167,-22.8833,"CTD_85014_96_1_DN.ODF",3
43,1985,6,8,815,44.72,-59.27,9147,1985,6,8,1656,28.45,-23.1833,"CTD_85014_109_1_DN.ODF",3
43,1985,6,8,815,44.72,-59.27,9149,1985,6,8,2005,28.4333,-23.2167,"CTD_85014_112_1_DN.ODF",3
43,1985,6,8,815,44.72,-59.27,9150,1985,6,8,2152,28.4167,-23.2583,"CTD_85014_113_1_DN.ODF",3
44,1985,6,8,1200,44.52,-59,9147,1985,6,8,1656,28.45,-23.1833,"CTD_85014_109_1_DN.ODF",3
44,1985,6,8,1200,44.52,-59,9149,1985,6,8,2005,28.4333,-23.2167,"CTD_85014_112_1_DN.ODF",3
44,1985,6,8,1200,44.52,-59,9150,1985,6,8,2152,28.4167,-23.2583,"CTD_85014_113_1_DN.ODF",3
45,1985,6,8,1700,44.15,-58.62,9147,1985,6,8,1656,28.45,-23.1833,"CTD_85014_109_1_DN.ODF",3
45,1985,6,8,1700,44.15,-58.62,9149,1985,6,8,2005,28.4333,-23.2167,"CTD_85014_112_1_DN.ODF",3
45,1985,6,8,1700,44.15,-58.62,9150,1985,6,8,2152,28.4167,-23.2583,"CTD_85014_113_1_DN.ODF",3
46,1985,6,8,2100,43.81,-58.51,9147,1985,6,8,1656,28.45,-23.1833,"CTD_85014_109_1_DN.ODF",3
46,1985,6,8,2100,43.81,-58.51,9149,1985,6,8,2005,28.4333,-23.2167,"CTD_85014_112_1_DN.ODF",3
46,1985,6,8,2100,43.81,-58.51,9150,1985,6,8,2152,28.4167,-23.2583,"CTD_85014_113_1_DN.ODF",3
47,1985,6,8,2230,43.79,-58.51,9147,1985,6,8,1656,28.45,-23.1833,"CTD_85014_109_1_DN.ODF",3
47,1985,6,8,2230,43.79,-58.51,9149,1985,6,8,2005,28.4333,-23.2167,"CTD_85014_112_1_DN.ODF",3
47,1985,6,8,2230,43.79,-58.51,9150,1985,6,8,2152,28.4167,-23.2583,"CTD_85014_113_1_DN.ODF",3
48,1985,6,9,1230,44.41,-56.29,9152,1985,6,9,423,28.3783,-22.9067,"CTD_85014_11408_1_DN.ODF",3
48,1985,6,9,1230,44.41,-56.29,9153,1985,6,9,449,28.3783,-22.9067,"CTD_85014_11409_1_DN.ODF",3
48,1985,6,9,1230,44.41,-56.29,9161,1985,6,9,2034,28.3333,-22.95,"CTD_85014_12100_1_DN.ODF",3
49,1985,6,10,1100,45.74,-57.41,9164,1985,6,10,50,28.7,-22.95,"CTD_85014_138_1_DN.ODF",3
49,1985,6,10,1100,45.74,-57.41,9165,1985,6,10,357,28.73,-22.945,"CTD_85014_140_1_DN.ODF",3
49,1985,6,10,1100,45.74,-57.41,9175,1985,6,10,2337,28.6667,-22.95,"CTD_85014_137_1_DN.ODF",3
50,1985,6,10,2200,46.51,-58.11,9164,1985,6,10,50,28.7,-22.95,"CTD_85014_138_1_DN.ODF",3
50,1985,6,10,2200,46.51,-58.11,9165,1985,6,10,357,28.73,-22.945,"CTD_85014_140_1_DN.ODF",3
50,1985,6,10,2200,46.51,-58.11,9175,1985,6,10,2337,28.6667,-22.95,"CTD_85014_137_1_DN.ODF",3
51,1985,6,11,900,45.3,-57.03,9176,1985,6,11,59,28.7,-23.2167,"CTD_85014_151_1_DN.ODF",3
51,1985,6,11,900,45.3,-57.03,9179,1985,6,11,1101,28.795,-22.965,"CTD_85014_14500_1_DN.ODF",3
51,1985,6,11,900,45.3,-57.03,9186,1985,6,11,1910,28.8317,-22.9633,"CTD_85014_149_1_DN.ODF",3
52,1985,6,11,1800,44.68,-56.49,9176,1985,6,11,59,28.7,-23.2167,"CTD_85014_151_1_DN.ODF",3
52,1985,6,11,1800,44.68,-56.49,9179,1985,6,11,1101,28.795,-22.965,"CTD_85014_14500_1_DN.ODF",3
52,1985,6,11,1800,44.68,-56.49,9186,1985,6,11,1910,28.8317,-22.9633,"CTD_85014_149_1_DN.ODF",3
53,1985,6,13,1330,45.77,-58.94,9199,1985,6,13,812,28.4,-22.8167,"CTD_85014_174_1_DN.ODF",3
53,1985,6,13,1330,45.77,-58.94,9200,1985,6,13,1222,28.3683,-22.7617,"CTD_85014_17700_1_DN.ODF",3
53,1985,6,13,1330,45.77,-58.94,9201,1985,6,13,1310,28.3683,-22.7617,"CTD_85014_17701_1_DN.ODF",3
54,1985,9,17,1800,44.35,-63.29,9651,1985,9,17,537,59.005,-61.5,"CTD_85031_52_1_DN.ODF",3
54,1985,9,17,1800,44.35,-63.29,9652,1985,9,17,1532,60.1667,-61.08,"CTD_85031_53_1_DN.ODF",3
54,1985,9,17,1800,44.35,-63.29,9653,1985,9,17,2048,60.3217,-62,"CTD_85031_54_1_DN.ODF",3
55,1985,9,17,2230,44.2,-63.16,9651,1985,9,17,537,59.005,-61.5,"CTD_85031_52_1_DN.ODF",3
55,1985,9,17,2230,44.2,-63.16,9652,1985,9,17,1532,60.1667,-61.08,"CTD_85031_53_1_DN.ODF",3
55,1985,9,17,2230,44.2,-63.16,9653,1985,9,17,2048,60.3217,-62,"CTD_85031_54_1_DN.ODF",3
56,1985,9,18,830,43.98,-62.98,9658,1985,9,18,211,60.01,-68.532,"CTD_85031_63_1_DN.ODF",3
56,1985,9,18,830,43.98,-62.98,9659,1985,9,18,311,59.997,-68.592,"CTD_85031_64_1_DN.ODF",3
56,1985,9,18,830,43.98,-62.98,9660,1985,9,18,352,60.02,-68.47,"CTD_85031_65_1_DN.ODF",3
57,1985,9,18,1030,43.97,-62.96,9658,1985,9,18,211,60.01,-68.532,"CTD_85031_63_1_DN.ODF",3
57,1985,9,18,1030,43.97,-62.96,9659,1985,9,18,311,59.997,-68.592,"CTD_85031_64_1_DN.ODF",3
57,1985,9,18,1030,43.97,-62.96,9660,1985,9,18,352,60.02,-68.47,"CTD_85031_65_1_DN.ODF",3
58,1985,9,18,1330,43.15,-62.29,9658,1985,9,18,211,60.01,-68.532,"CTD_85031_63_1_DN.ODF",3
58,1985,9,18,1330,43.15,-62.29,9659,1985,9,18,311,59.997,-68.592,"CTD_85031_64_1_DN.ODF",3
58,1985,9,18,1330,43.15,-62.29,9660,1985,9,18,352,60.02,-68.47,"CTD_85031_65_1_DN.ODF",3
59,1985,9,18,1730,43.78,-62.81,9658,1985,9,18,211,60.01,-68.532,"CTD_85031_63_1_DN.ODF",3
59,1985,9,18,1730,43.78,-62.81,9659,1985,9,18,311,59.997,-68.592,"CTD_85031_64_1_DN.ODF",3
59,1985,9,18,1730,43.78,-62.81,9660,1985,9,18,352,60.02,-68.47,"CTD_85031_65_1_DN.ODF",3
60,1985,9,18,2000,43.56,-62.63,9658,1985,9,18,211,60.01,-68.532,"CTD_85031_63_1_DN.ODF",3
60,1985,9,18,2000,43.56,-62.63,9659,1985,9,18,311,59.997,-68.592,"CTD_85031_64_1_DN.ODF",3
60,1985,9,18,2000,43.56,-62.63,9660,1985,9,18,352,60.02,-68.47,"CTD_85031_65_1_DN.ODF",3
61,1985,9,19,2015,43.14,-61.99,9674,1985,9,19,805,60.01,-68.293,"CTD_85031_74_1_DN.ODF",3
61,1985,9,19,2015,43.14,-61.99,9676,1985,9,19,859,60.003,-68.413,"CTD_85031_76_1_DN.ODF",3
61,1985,9,19,2015,43.14,-61.99,9683,1985,9,19,1917,60.015,-68.2983,"CTD_85031_83_1_DN.ODF",3
62,1985,9,21,1330,45.75,-59.84,9700,1985,9,21,430,60.008,-68.392,"CTD_85031_102_1_DN.ODF",3
62,1985,9,21,1330,45.75,-59.84,9704,1985,9,21,1117,60.042,-68.203,"CTD_85031_106_1_DN.ODF",3
62,1985,9,21,1330,45.75,-59.84,9706,1985,9,21,1438,60.067,-68.062,"CTD_85031_108_1_DN.ODF",3
63,1985,9,21,1745,45.45,-59.65,9700,1985,9,21,430,60.008,-68.392,"CTD_85031_102_1_DN.ODF",3
63,1985,9,21,1745,45.45,-59.65,9704,1985,9,21,1117,60.042,-68.203,"CTD_85031_106_1_DN.ODF",3
63,1985,9,21,1745,45.45,-59.65,9706,1985,9,21,1438,60.067,-68.062,"CTD_85031_108_1_DN.ODF",3
64,1985,9,21,2130,45.16,-59.42,9702,1985,9,21,744,60.03,-68.297,"CTD_85031_104_1_DN.ODF",3
64,1985,9,21,2130,45.16,-59.42,9704,1985,9,21,1117,60.042,-68.203,"CTD_85031_106_1_DN.ODF",3
64,1985,9,21,2130,45.16,-59.42,9706,1985,9,21,1438,60.067,-68.062,"CTD_85031_108_1_DN.ODF",3
65,1985,9,22,830,44.84,-59.2,9674,1985,9,19,805,60.01,-68.293,"CTD_85031_74_1_DN.ODF",4
65,1985,9,22,830,44.84,-59.2,9692,1985,9,20,952,59.975,-68.44,"CTD_85031_92_1_DN.ODF",4
65,1985,9,22,830,44.84,-59.2,9706,1985,9,21,1438,60.067,-68.062,"CTD_85031_108_1_DN.ODF",4
66,1985,9,23,1330,44.22,-58.77,9692,1985,9,20,952,59.975,-68.44,"CTD_85031_92_1_DN.ODF",4
66,1985,9,23,1330,44.22,-58.77,9698,1985,9,20,1904,60.05,-68.15,"CTD_85031_98_1_DN.ODF",4
66,1985,9,23,1330,44.22,-58.77,9706,1985,9,21,1438,60.067,-68.062,"CTD_85031_108_1_DN.ODF",4
67,1985,9,23,1430,43.94,-58.61,9692,1985,9,20,952,59.975,-68.44,"CTD_85031_92_1_DN.ODF",4
67,1985,9,23,1430,43.94,-58.61,9698,1985,9,20,1904,60.05,-68.15,"CTD_85031_98_1_DN.ODF",4
67,1985,9,23,1430,43.94,-58.61,9706,1985,9,21,1438,60.067,-68.062,"CTD_85031_108_1_DN.ODF",4
68,1985,9,25,1330,45.82,-58.49,NA,NA,NA,NA,NA,NA,NA,NA,0
69,1985,9,25,1530,45.99,-58.47,NA,NA,NA,NA,NA,NA,NA,NA,0
70,1985,9,26,830,46.52,-58.27,NA,NA,NA,NA,NA,NA,NA,NA,0
71,1985,9,26,1730,45.77,-57.44,NA,NA,NA,NA,NA,NA,NA,NA,0
72,1985,9,26,2300,45.3,-57.03,NA,NA,NA,NA,NA,NA,NA,NA,0
73,1985,9,27,930,44.68,-56.5,NA,NA,NA,NA,NA,NA,NA,NA,0
74,1985,9,27,1530,44.42,-56.27,NA,NA,NA,NA,NA,NA,NA,NA,0
75,1985,11,11,1230,44.42,-56.27,9774,1985,11,13,1446,46.9177,-60.1745,"CTD_85039_1_1_DN.ODF",4
75,1985,11,11,1230,44.42,-56.27,9775,1985,11,13,1610,47.086,-60.0265,"CTD_85039_2_1_DN.ODF",4
75,1985,11,11,1230,44.42,-56.27,9776,1985,11,13,1750,47.25,-59.85,"CTD_85039_3_1_DN.ODF",4
76,1986,9,28,830,43.82,-62.94,10573,1986,9,28,38,60.2067,-65.2833,"CTD_86029_24_1_DN.ODF",3
76,1986,9,28,830,43.82,-62.94,10574,1986,9,28,242,60.1017,-65.5183,"CTD_86029_25_1_DN.ODF",3
76,1986,9,28,830,43.82,-62.94,10585,1986,9,28,2317,60.2817,-65.6,"CTD_86029_23_1_DN.ODF",3
77,1986,9,28,1302,43.82,-62.92,10573,1986,9,28,38,60.2067,-65.2833,"CTD_86029_24_1_DN.ODF",3
77,1986,9,28,1302,43.82,-62.92,10574,1986,9,28,242,60.1017,-65.5183,"CTD_86029_25_1_DN.ODF",3
77,1986,9,28,1302,43.82,-62.92,10585,1986,9,28,2317,60.2817,-65.6,"CTD_86029_23_1_DN.ODF",3
78,1986,9,28,2000,43.84,-62.93,10573,1986,9,28,38,60.2067,-65.2833,"CTD_86029_24_1_DN.ODF",3
78,1986,9,28,2000,43.84,-62.93,10574,1986,9,28,242,60.1017,-65.5183,"CTD_86029_25_1_DN.ODF",3
78,1986,9,28,2000,43.84,-62.93,10585,1986,9,28,2317,60.2817,-65.6,"CTD_86029_23_1_DN.ODF",3
79,1986,9,29,1548,43.5,-62.7,10586,1986,9,29,130,59.2583,-67.4917,"CTD_86029_42_1_DN.ODF",3
79,1986,9,29,1548,43.5,-62.7,10587,1986,9,29,307,59.1583,-67.6167,"CTD_86029_43_1_UP.ODF",3
79,1986,9,29,1548,43.5,-62.7,10603,1986,9,29,2359,59.4242,-67.3913,"CTD_86029_41_1_DN.ODF",3
80,1986,9,29,2037,44.04,-63.1,10586,1986,9,29,130,59.2583,-67.4917,"CTD_86029_42_1_DN.ODF",3
80,1986,9,29,2037,44.04,-63.1,10587,1986,9,29,307,59.1583,-67.6167,"CTD_86029_43_1_UP.ODF",3
80,1986,9,29,2037,44.04,-63.1,10603,1986,9,29,2359,59.4242,-67.3913,"CTD_86029_41_1_DN.ODF",3
81,1986,9,29,2300,44.19,-63.2,10586,1986,9,29,130,59.2583,-67.4917,"CTD_86029_42_1_DN.ODF",3
81,1986,9,29,2300,44.19,-63.2,10587,1986,9,29,307,59.1583,-67.6167,"CTD_86029_43_1_UP.ODF",3
81,1986,9,29,2300,44.19,-63.2,10603,1986,9,29,2359,59.4242,-67.3913,"CTD_86029_41_1_DN.ODF",3
82,1986,10,1,1256,43.63,-63.13,10627,1986,10,1,420,59.5177,-69.0597,"CTD_86029_63_1_DN.ODF",3
82,1986,10,1,1256,43.63,-63.13,10628,1986,10,1,511,59.4668,-69.2303,"CTD_86029_64_1_DN.ODF",3
82,1986,10,1,1256,43.63,-63.13,10629,1986,10,1,752,59.6982,-68.867,"CTD_86029_65_1_DN.ODF",3
83,1986,10,2,115,43.84,-62.94,10656,1986,10,2,1533,60.6555,-68.1585,"CTD_86029_92_1_DN.ODF",3
83,1986,10,2,115,43.84,-62.94,10657,1986,10,2,1800,60.6882,-68.3815,"CTD_86029_93_1_DN.ODF",3
83,1986,10,2,115,43.84,-62.94,10658,1986,10,2,1912,60.7102,-68.562,"CTD_86029_94_1_DN.ODF",3
84,1986,10,3,1515,45.82,-58.48,10662,1986,10,3,437,61.2945,-69.2592,"CTD_86029_102_1_DN.ODF",3
84,1986,10,3,1515,45.82,-58.48,10663,1986,10,3,532,61.3605,-69.1715,"CTD_86029_103_1_DN.ODF",3
84,1986,10,3,1515,45.82,-58.48,10664,1986,10,3,617,61.4212,-69.1057,"CTD_86029_104_1_DN.ODF",3
85,1986,10,3,1630,45.81,-58.55,10662,1986,10,3,437,61.2945,-69.2592,"CTD_86029_102_1_DN.ODF",3
85,1986,10,3,1630,45.81,-58.55,10663,1986,10,3,532,61.3605,-69.1715,"CTD_86029_103_1_DN.ODF",3
85,1986,10,3,1630,45.81,-58.55,10664,1986,10,3,617,61.4212,-69.1057,"CTD_86029_104_1_DN.ODF",3
86,1986,10,3,1930,45.82,-58.53,10662,1986,10,3,437,61.2945,-69.2592,"CTD_86029_102_1_DN.ODF",3
86,1986,10,3,1930,45.82,-58.53,10663,1986,10,3,532,61.3605,-69.1715,"CTD_86029_103_1_DN.ODF",3
86,1986,10,3,1930,45.82,-58.53,10664,1986,10,3,617,61.4212,-69.1057,"CTD_86029_104_1_DN.ODF",3
87,1986,10,3,2039,45.83,-58.49,10662,1986,10,3,437,61.2945,-69.2592,"CTD_86029_102_1_DN.ODF",3
87,1986,10,3,2039,45.83,-58.49,10663,1986,10,3,532,61.3605,-69.1715,"CTD_86029_103_1_DN.ODF",3
87,1986,10,3,2039,45.83,-58.49,10664,1986,10,3,617,61.4212,-69.1057,"CTD_86029_104_1_DN.ODF",3
88,1986,10,4,930,45.69,-58.42,10627,1986,10,1,420,59.5177,-69.0597,"CTD_86029_63_1_DN.ODF",4
88,1986,10,4,930,45.69,-58.42,10628,1986,10,1,511,59.4668,-69.2303,"CTD_86029_64_1_DN.ODF",4
88,1986,10,4,930,45.69,-58.42,10629,1986,10,1,752,59.6982,-68.867,"CTD_86029_65_1_DN.ODF",4
89,1987,6,13,32,43.78,-63,11397,1987,6,13,1235,39.2293,-64.7862,"CTD_87022_4_1_DN.ODF",3
90,1987,6,13,204,43.7,-62.99,11397,1987,6,13,1235,39.2293,-64.7862,"CTD_87022_4_1_DN.ODF",3
91,1987,7,7,345,43.7,-63.07,NA,NA,NA,NA,NA,NA,NA,NA,0
92,1987,7,7,530,43.76,-62.98,NA,NA,NA,NA,NA,NA,NA,NA,0
93,1988,4,14,1500,43.73,-62.95,12803,1988,4,14,133,41.0677,-66.9493,"CTD_88003_44_1_UP.ODF",3
93,1988,4,14,1500,43.73,-62.95,12804,1988,4,14,257,41.1568,-66.7708,"CTD_88003_45_1_DN.ODF",3
93,1988,4,14,1500,43.73,-62.95,12805,1988,4,14,300,41.1573,-66.7693,"CTD_88003_45_1_UP.ODF",3
94,1988,4,14,2215,43.68,-63.75,12803,1988,4,14,133,41.0677,-66.9493,"CTD_88003_44_1_UP.ODF",3
94,1988,4,14,2215,43.68,-63.75,12804,1988,4,14,257,41.1568,-66.7708,"CTD_88003_45_1_DN.ODF",3
94,1988,4,14,2215,43.68,-63.75,12805,1988,4,14,300,41.1573,-66.7693,"CTD_88003_45_1_UP.ODF",3
95,1988,4,27,2230,43.78,-63,12900,1988,4,27,1101,40.693333,-47.1455,"CTD_89003_014_01_DN.ODF",3
95,1988,4,27,2230,43.78,-63,12901,1988,4,27,1606,40.689667,-47.1043,"CTD_89003_015_01_DN.ODF",3
95,1988,4,27,2230,43.78,-63,12902,1988,4,27,2054,40.68,-47.1327,"CTD_89003_016_01_DN.ODF",3
96,1988,6,9,2230,43.75,-63.03,NA,NA,NA,NA,NA,NA,NA,NA,0
97,1988,6,11,1430,43.75,-63.03,NA,NA,NA,NA,NA,NA,NA,NA,0
98,1988,6,12,1400,43.69,-63.76,NA,NA,NA,NA,NA,NA,NA,NA,0
99,1988,6,12,1530,43.72,-63.76,NA,NA,NA,NA,NA,NA,NA,NA,0
100,1988,6,12,2045,43.66,-63.75,NA,NA,NA,NA,NA,NA,NA,NA,0
101,1988,6,13,310,43.64,-63.77,NA,NA,NA,NA,NA,NA,NA,NA,0
102,1988,6,13,900,43.56,-62.98,NA,NA,NA,NA,NA,NA,NA,NA,0
103,1988,6,18,2228,44.37,-62.24,NA,NA,NA,NA,NA,NA,NA,NA,0
104,1988,6,19,300,44.36,-62.24,NA,NA,NA,NA,NA,NA,NA,NA,0
105,1988,6,19,2030,43.66,-62.46,NA,NA,NA,NA,NA,NA,NA,NA,0
106,1988,6,20,900,42.73,-64.1,NA,NA,NA,NA,NA,NA,NA,NA,0
107,1989,10,10,1930,44.07,-59.07,NA,NA,NA,NA,NA,NA,NA,NA,0
108,1989,10,10,2230,44.02,-59.08,NA,NA,NA,NA,NA,NA,NA,NA,0
109,1989,10,11,900,44.02,-59.08,NA,NA,NA,NA,NA,NA,NA,NA,0
110,1989,10,11,1050,44.1,-59.02,NA,NA,NA,NA,NA,NA,NA,NA,0
111,1989,10,11,1656,44.08,-59.08,NA,NA,NA,NA,NA,NA,NA,NA,0
112,1989,10,13,1616,44.15,-59.17,NA,NA,NA,NA,NA,NA,NA,NA,0
113,1989,10,13,2300,44.11,-59.03,NA,NA,NA,NA,NA,NA,NA,NA,0
114,1989,10,14,930,44.18,-59.31,NA,NA,NA,NA,NA,NA,NA,NA,0
115,1989,10,14,2300,44.17,-59.3,NA,NA,NA,NA,NA,NA,NA,NA,0
116,1989,10,15,115,44.14,-59.25,NA,NA,NA,NA,NA,NA,NA,NA,0
117,1989,10,15,1300,44.17,-59.29,NA,NA,NA,NA,NA,NA,NA,NA,0
118,1989,10,15,1500,44.15,-59.25,NA,NA,NA,NA,NA,NA,NA,NA,0
119,1989,10,17,20,45.77,-58.68,13869,1989,10,20,1506,46.2032,-62.5108,"CTD_89912_1_1_DN.ODF",4
119,1989,10,17,20,45.77,-58.68,13870,1989,10,20,1549,46.2032,-62.5108,"CTD_89912_1_2_DN.ODF",4
119,1989,10,17,20,45.77,-58.68,13871,1989,10,20,1638,46.205,-62.5192,"CTD_89912_2_1_DN.ODF",4
120,1989,10,20,2000,43.83,-62.94,13869,1989,10,20,1506,46.2032,-62.5108,"CTD_89912_1_1_DN.ODF",3
120,1989,10,20,2000,43.83,-62.94,13870,1989,10,20,1549,46.2032,-62.5108,"CTD_89912_1_2_DN.ODF",3
120,1989,10,20,2000,43.83,-62.94,13871,1989,10,20,1638,46.205,-62.5192,"CTD_89912_2_1_DN.ODF",3
121,1989,10,20,2340,43.72,-63.06,13869,1989,10,20,1506,46.2032,-62.5108,"CTD_89912_1_1_DN.ODF",3
121,1989,10,20,2340,43.72,-63.06,13870,1989,10,20,1549,46.2032,-62.5108,"CTD_89912_1_2_DN.ODF",3
121,1989,10,20,2340,43.72,-63.06,13871,1989,10,20,1638,46.205,-62.5192,"CTD_89912_2_1_DN.ODF",3
122,1989,10,21,900,43.82,-62.95,13869,1989,10,20,1506,46.2032,-62.5108,"CTD_89912_1_1_DN.ODF",4
122,1989,10,21,900,43.82,-62.95,13870,1989,10,20,1549,46.2032,-62.5108,"CTD_89912_1_2_DN.ODF",4
122,1989,10,21,900,43.82,-62.95,13871,1989,10,20,1638,46.205,-62.5192,"CTD_89912_2_1_DN.ODF",4
123,1989,10,22,140,43.73,-63.73,13869,1989,10,20,1506,46.2032,-62.5108,"CTD_89912_1_1_DN.ODF",4
123,1989,10,22,140,43.73,-63.73,13870,1989,10,20,1549,46.2032,-62.5108,"CTD_89912_1_2_DN.ODF",4
123,1989,10,22,140,43.73,-63.73,13871,1989,10,20,1638,46.205,-62.5192,"CTD_89912_2_1_DN.ODF",4
124,1990,9,27,845,43.73,-63.04,14830,1990,9,25,1308,44.8093,-62.8607,"CTD_90901_2_22_DN.ODF",4
124,1990,9,27,845,43.73,-63.04,14831,1990,9,25,1601,44.5982,-63.9388,"CTD_90901_3_25_DN.ODF",4
124,1990,9,27,845,43.73,-63.04,14832,1990,9,26,1602,43.5403,-65.7408,"CTD_90901_4_22_DN.ODF",4
125,1990,9,28,254,43.83,-63.58,14830,1990,9,25,1308,44.8093,-62.8607,"CTD_90901_2_22_DN.ODF",4
125,1990,9,28,254,43.83,-63.58,14831,1990,9,25,1601,44.5982,-63.9388,"CTD_90901_3_25_DN.ODF",4
125,1990,9,28,254,43.83,-63.58,14832,1990,9,26,1602,43.5403,-65.7408,"CTD_90901_4_22_DN.ODF",4
126,1990,9,28,1130,43.79,-63.68,14830,1990,9,25,1308,44.8093,-62.8607,"CTD_90901_2_22_DN.ODF",4
126,1990,9,28,1130,43.79,-63.68,14831,1990,9,25,1601,44.5982,-63.9388,"CTD_90901_3_25_DN.ODF",4
126,1990,9,28,1130,43.79,-63.68,14832,1990,9,26,1602,43.5403,-65.7408,"CTD_90901_4_22_DN.ODF",4
127,1990,10,2,945,44.36,-62.23,14834,1990,10,4,1222,44.8093,-62.8607,"CTD_90901_2_23_DN.ODF",4
127,1990,10,2,945,44.36,-62.23,14835,1990,10,4,1620,44.5982,-63.9388,"CTD_90901_3_26_DN.ODF",4
127,1990,10,2,945,44.36,-62.23,14836,1990,10,5,1422,44.651,-65.7433,"CTD_90901_5_27_DN.ODF",4
128,1990,10,2,2230,44.33,-62.39,14834,1990,10,4,1222,44.8093,-62.8607,"CTD_90901_2_23_DN.ODF",4
128,1990,10,2,2230,44.33,-62.39,14835,1990,10,4,1620,44.5982,-63.9388,"CTD_90901_3_26_DN.ODF",4
128,1990,10,2,2230,44.33,-62.39,14836,1990,10,5,1422,44.651,-65.7433,"CTD_90901_5_27_DN.ODF",4
129,1990,10,3,10,44.54,-62.48,14834,1990,10,4,1222,44.8093,-62.8607,"CTD_90901_2_23_DN.ODF",4
129,1990,10,3,10,44.54,-62.48,14835,1990,10,4,1620,44.5982,-63.9388,"CTD_90901_3_26_DN.ODF",4
129,1990,10,3,10,44.54,-62.48,14836,1990,10,5,1422,44.651,-65.7433,"CTD_90901_5_27_DN.ODF",4
130,1990,10,3,1035,44.4,-63.39,14834,1990,10,4,1222,44.8093,-62.8607,"CTD_90901_2_23_DN.ODF",4
130,1990,10,3,1035,44.4,-63.39,14835,1990,10,4,1620,44.5982,-63.9388,"CTD_90901_3_26_DN.ODF",4
130,1990,10,3,1035,44.4,-63.39,14836,1990,10,5,1422,44.651,-65.7433,"CTD_90901_5_27_DN.ODF",4
131,1990,10,4,1950,43.65,-64.45,14834,1990,10,4,1222,44.8093,-62.8607,"CTD_90901_2_23_DN.ODF",3
131,1990,10,4,1950,43.65,-64.45,14835,1990,10,4,1620,44.5982,-63.9388,"CTD_90901_3_26_DN.ODF",3
132,1990,10,4,2115,43.77,-64.54,14834,1990,10,4,1222,44.8093,-62.8607,"CTD_90901_2_23_DN.ODF",3
132,1990,10,4,2115,43.77,-64.54,14835,1990,10,4,1620,44.5982,-63.9388,"CTD_90901_3_26_DN.ODF",3
133,1991,4,5,204,43.33,-65.15,NA,NA,NA,NA,NA,NA,NA,NA,0
134,1991,4,5,1829,43.33,-65.18,NA,NA,NA,NA,NA,NA,NA,NA,0
135,1991,4,6,1829,43.33,-65.17,NA,NA,NA,NA,NA,NA,NA,NA,0
136,1991,4,7,221,43.32,-65.14,NA,NA,NA,NA,NA,NA,NA,NA,0
137,1991,4,7,1714,43.27,-65.26,NA,NA,NA,NA,NA,NA,NA,NA,0
138,1991,4,8,131,43.18,-65.26,NA,NA,NA,NA,NA,NA,NA,NA,0
139,1991,4,18,1656,43.31,-65.29,15011,1991,4,16,1234,44.8093,-62.8607,"CTD_91902_2_4_DN.ODF",4
139,1991,4,18,1656,43.31,-65.29,15012,1991,4,16,1646,44.5982,-63.9388,"CTD_91902_3_4_DN.ODF",4
139,1991,4,18,1656,43.31,-65.29,15013,1991,4,17,1630,44.651,-65.7433,"CTD_91902_5_4_DN.ODF",4
140,1991,4,19,129,43.32,-65.22,15011,1991,4,16,1234,44.8093,-62.8607,"CTD_91902_2_4_DN.ODF",4
140,1991,4,19,129,43.32,-65.22,15012,1991,4,16,1646,44.5982,-63.9388,"CTD_91902_3_4_DN.ODF",4
140,1991,4,19,129,43.32,-65.22,15013,1991,4,17,1630,44.651,-65.7433,"CTD_91902_5_4_DN.ODF",4
141,1992,11,8,920,43.81,-62.95,15883,1992,11,10,1817,44.4542,-64.3167,"CTD_92902_7_11_DN.ODF",4
142,1995,4,21,730,43.46,-62.45,17422,1995,4,21,1213,43.329,-52.6978,"CTD_95003_2_1_DN.ODF",3
142,1995,4,21,730,43.46,-62.45,17423,1995,4,21,2149,42.9993,-50.2898,"CTD_95003_3_1_DN.ODF",3
142,1995,4,21,730,43.46,-62.45,17424,1995,4,21,2342,42.7492,-50.2908,"CTD_95003_4_1_DN.ODF",3
143,1995,4,21,1115,43.88,-62.88,17422,1995,4,21,1213,43.329,-52.6978,"CTD_95003_2_1_DN.ODF",3
143,1995,4,21,1115,43.88,-62.88,17423,1995,4,21,2149,42.9993,-50.2898,"CTD_95003_3_1_DN.ODF",3
143,1995,4,21,1115,43.88,-62.88,17424,1995,4,21,2342,42.7492,-50.2908,"CTD_95003_4_1_DN.ODF",3
144,1995,4,22,1300,44.25,-63.33,17426,1995,4,22,755,42.248,-50.2932,"CTD_95003_6_1_DN.ODF",3
144,1995,4,22,1300,44.25,-63.33,17427,1995,4,22,1404,41.9973,-50.2912,"CTD_95003_7_1_DN.ODF",3
144,1995,4,22,1300,44.25,-63.33,17428,1995,4,22,1958,41.4993,-50.2892,"CTD_95003_8_1_DN.ODF",3
145,1995,4,24,1430,44.13,-58.16,17433,1995,4,24,501,39.6647,-50.2935,"CTD_95003_13_1_DN.ODF",3
145,1995,4,24,1430,44.13,-58.16,17435,1995,4,24,1238,44.4533,-63.5955,"CTD_95901_1_5_DN.ODF",3
145,1995,4,24,1430,44.13,-58.16,17436,1995,4,24,1530,44.4542,-64.3167,"CTD_95901_2_5_DN.ODF",3
146,1995,4,24,2031,44.46,-58.5,17433,1995,4,24,501,39.6647,-50.2935,"CTD_95003_13_1_DN.ODF",3
146,1995,4,24,2031,44.46,-58.5,17435,1995,4,24,1238,44.4533,-63.5955,"CTD_95901_1_5_DN.ODF",3
146,1995,4,24,2031,44.46,-58.5,17436,1995,4,24,1530,44.4542,-64.3167,"CTD_95901_2_5_DN.ODF",3
147,1995,4,25,1430,45.66,-59.69,17438,1995,4,25,1007,38.1683,-49.5823,"CTD_95003_17_1_DN.ODF",3
147,1995,4,25,1430,45.66,-59.69,17439,1995,4,25,1627,38.1663,-48.8817,"CTD_95003_18_1_DN.ODF",3
147,1995,4,25,1430,45.66,-59.69,17440,1995,4,25,2248,38.165,-48.163,"CTD_95003_19_1_DN.ODF",3
148,1995,4,25,2015,45.81,-59.85,17438,1995,4,25,1007,38.1683,-49.5823,"CTD_95003_17_1_DN.ODF",3
148,1995,4,25,2015,45.81,-59.85,17439,1995,4,25,1627,38.1663,-48.8817,"CTD_95003_18_1_DN.ODF",3
148,1995,4,25,2015,45.81,-59.85,17440,1995,4,25,2248,38.165,-48.163,"CTD_95003_19_1_DN.ODF",3
149,1995,4,28,730,44.93,-61.01,17450,1995,4,28,646,39.4332,-43.7417,"CTD_95003_27_1_DN.ODF",3
149,1995,4,28,730,44.93,-61.01,17451,1995,4,28,1341,39.8683,-43.4507,"CTD_95003_28_1_DN.ODF",3
149,1995,4,28,730,44.93,-61.01,17452,1995,4,28,2023,40.2918,-43.1505,"CTD_95003_29_1_DN.ODF",3
150,1995,10,11,1030,43.88,-62.88,17749,1995,10,10,1304,44.4533,-63.5955,"CTD_95901_1_20_DN.ODF",4
150,1995,10,11,1030,43.88,-62.88,17750,1995,10,10,1540,44.4542,-64.3167,"CTD_95901_2_20_DN.ODF",4
151,1995,10,13,645,43.48,-62.45,17749,1995,10,10,1304,44.4533,-63.5955,"CTD_95901_1_20_DN.ODF",4
151,1995,10,13,645,43.48,-62.45,17750,1995,10,10,1540,44.4542,-64.3167,"CTD_95901_2_20_DN.ODF",4
152,1995,10,13,1030,43.18,-62.08,17749,1995,10,10,1304,44.4533,-63.5955,"CTD_95901_1_20_DN.ODF",4
152,1995,10,13,1030,43.18,-62.08,17750,1995,10,10,1540,44.4542,-64.3167,"CTD_95901_2_20_DN.ODF",4
153,1995,10,14,1045,44.3,-63.3,NA,NA,NA,NA,NA,NA,NA,NA,0
154,1995,10,16,1615,47.48,-59.48,NA,NA,NA,NA,NA,NA,NA,NA,0
155,1996,6,7,1730,43.18,-62.1,18127,1996,6,7,1258,44.68,-63.6208,"CTD_96901_1_1_DN.ODF",3
156,1996,6,8,645,43.75,-62.7,18126,1996,6,5,1339,44.6835,-63.64,"CTD_96905_3_2_DN.ODF",4
156,1996,6,8,645,43.75,-62.7,18127,1996,6,7,1258,44.68,-63.6208,"CTD_96901_1_1_DN.ODF",4
156,1996,6,8,645,43.75,-62.7,18128,1996,6,11,1305,44.4533,-63.5955,"CTD_96901_1_10_DN.ODF",4
157,1996,6,8,1200,43.89,-62.89,18126,1996,6,5,1339,44.6835,-63.64,"CTD_96905_3_2_DN.ODF",4
157,1996,6,8,1200,43.89,-62.89,18127,1996,6,7,1258,44.68,-63.6208,"CTD_96901_1_1_DN.ODF",4
157,1996,6,8,1200,43.89,-62.89,18128,1996,6,11,1305,44.4533,-63.5955,"CTD_96901_1_10_DN.ODF",4
158,1996,6,9,630,44.26,-63.32,18127,1996,6,7,1258,44.68,-63.6208,"CTD_96901_1_1_DN.ODF",4
158,1996,6,9,630,44.26,-63.32,18128,1996,6,11,1305,44.4533,-63.5955,"CTD_96901_1_10_DN.ODF",4
158,1996,6,9,630,44.26,-63.32,18130,1996,6,12,1350,44.6835,-63.64,"CTD_96901_3_1_DN.ODF",4
159,1996,6,9,700,43.89,-62.89,18127,1996,6,7,1258,44.68,-63.6208,"CTD_96901_1_1_DN.ODF",4
159,1996,6,9,700,43.89,-62.89,18128,1996,6,11,1305,44.4533,-63.5955,"CTD_96901_1_10_DN.ODF",4
159,1996,6,9,700,43.89,-62.89,18130,1996,6,12,1350,44.6835,-63.64,"CTD_96901_3_1_DN.ODF",4
160,1996,6,10,1900,45.65,-59.7,18127,1996,6,7,1258,44.68,-63.6208,"CTD_96901_1_1_DN.ODF",4
160,1996,6,10,1900,45.65,-59.7,18128,1996,6,11,1305,44.4533,-63.5955,"CTD_96901_1_10_DN.ODF",4
160,1996,6,10,1900,45.65,-59.7,18130,1996,6,12,1350,44.6835,-63.64,"CTD_96901_3_1_DN.ODF",4
161,1996,6,12,1400,44.15,-58.18,18130,1996,6,12,1350,44.6835,-63.64,"CTD_96901_3_1_DN.ODF",3
162,1996,6,12,2200,44.48,-58.5,18130,1996,6,12,1350,44.6835,-63.64,"CTD_96901_3_1_DN.ODF",3
163,1996,6,13,730,44.81,-58.85,18128,1996,6,11,1305,44.4533,-63.5955,"CTD_96901_1_10_DN.ODF",4
163,1996,6,13,730,44.81,-58.85,18129,1996,6,11,1523,44.4542,-64.3167,"CTD_96901_2_10_DN.ODF",4
163,1996,6,13,730,44.81,-58.85,18130,1996,6,12,1350,44.6835,-63.64,"CTD_96901_3_1_DN.ODF",4
164,1996,11,23,945,47.09,-59.99,18720,1996,11,20,1339,44.6933,-63.64,"CTD_96903_1_1_DN.ODF",4
164,1996,11,23,945,47.09,-59.99,18721,1996,11,21,1527,44.4533,-63.5955,"CTD_96901_1_27_DN.ODF",4
164,1996,11,23,945,47.09,-59.99,18722,1996,11,21,1738,44.4542,-64.3167,"CTD_96901_2_27_DN.ODF",4
165,1996,11,23,1700,47.49,-59.44,18720,1996,11,20,1339,44.6933,-63.64,"CTD_96903_1_1_DN.ODF",4
165,1996,11,23,1700,47.49,-59.44,18721,1996,11,21,1527,44.4533,-63.5955,"CTD_96901_1_27_DN.ODF",4
165,1996,11,23,1700,47.49,-59.44,18722,1996,11,21,1738,44.4542,-64.3167,"CTD_96901_2_27_DN.ODF",4
166,1996,11,23,1922,47.57,-59.33,18720,1996,11,20,1339,44.6933,-63.64,"CTD_96903_1_1_DN.ODF",4
166,1996,11,23,1922,47.57,-59.33,18721,1996,11,21,1527,44.4533,-63.5955,"CTD_96901_1_27_DN.ODF",4
166,1996,11,23,1922,47.57,-59.33,18722,1996,11,21,1738,44.4542,-64.3167,"CTD_96901_2_27_DN.ODF",4
167,1997,4,18,930,43.88,-62.88,18752,1997,4,18,1004,43.8835,-62.8857,"CTD_97003_4_1_DN.ODF",2
167,1997,4,18,930,43.88,-62.88,18753,1997,4,18,2002,43.764,-62.75,"CTD_97003_5_1_DN.ODF",2
168,1997,4,20,750,43.24,-65.05,18759,1997,4,20,1036,43.2428,-65.051,"CTD_97003_11_1_DN.ODF",2
169,1997,4,23,835,43.86,-58.83,18793,1997,4,23,1329,43.8718,-58.8058,"CTD_97003_22_1_DN.ODF",2
170,1997,4,23,1210,44.09,-59.06,18792,1997,4,23,149,44.15,-59.095,"CTD_97003_24_1_DN.ODF",2
171,1997,4,23,1600,44.28,-59.33,18794,1997,4,23,2000,44.397,-59.3325,"CTD_97003_23_1_DN.ODF",2
172,1997,4,25,1830,45.8,-58.71,18840,1997,4,25,2319,45.8157,-58.7987,"CTD_97003_33_1_DN.ODF",2
173,1997,10,26,930,44.27,-63.31,20083,1997,10,26,1217,44.2663,-63.3162,"CTD_97063_2_1_DN.ODF",2
173,1997,10,26,930,44.27,-63.31,20084,1997,10,26,1516,44.1102,-63.1448,"CTD_97063_3_1_DN.ODF",2
174,1997,10,26,1645,43.87,-62.87,20085,1997,10,26,2354,43.8768,-62.8733,"CTD_97063_4_1_DN.ODF",2
175,1997,10,27,815,43.18,-62.09,20087,1997,10,27,423,43.7615,-62.7447,"CTD_97063_5_1_DN.ODF",3
175,1997,10,27,815,43.18,-62.09,20088,1997,10,27,805,43.4805,-62.4528,"CTD_97063_6_1_DN.ODF",3
175,1997,10,27,815,43.18,-62.09,20089,1997,10,27,2136,42.8445,-61.7798,"CTD_97063_8_1_DN.ODF",3
176,1997,11,1,1245,44.13,-58.17,20095,1997,11,1,1715,44.1368,-58.1623,"CTD_97063_13_1_DN.ODF",2
177,1997,11,2,330,45.49,-59.53,20097,1997,11,2,649,45.4895,-59.5322,"CTD_97063_17_1_DN.ODF",2
177,1997,11,2,330,45.49,-59.53,20098,1997,11,2,908,45.6568,-59.7072,"CTD_97063_18_1_DN.ODF",2
178,1997,11,2,800,45.83,-59.84,20098,1997,11,2,908,45.6568,-59.7072,"CTD_97063_18_1_DN.ODF",2
178,1997,11,2,800,45.83,-59.84,20099,1997,11,2,1123,45.8268,-59.8485,"CTD_97063_19_1_DN.ODF",2
179,1997,11,2,2015,44.81,-58.85,20097,1997,11,2,649,45.4895,-59.5322,"CTD_97063_17_1_DN.ODF",3
179,1997,11,2,2015,44.81,-58.85,20098,1997,11,2,908,45.6568,-59.7072,"CTD_97063_18_1_DN.ODF",3
179,1997,11,2,2015,44.81,-58.85,20099,1997,11,2,1123,45.8268,-59.8485,"CTD_97063_19_1_DN.ODF",3
180,1998,4,8,930,43.23,-65.05,20245,1998,4,8,1138,43.2455,-65.0553,"CTD_98002_3_1_DN.ODF",2
181,1998,4,11,1800,43.69,-63.87,20259,1998,4,11,2247,43.7173,-63.8625,"CTD_98002_19_1_DN.ODF",2
182,1998,4,15,800,43.87,-62.87,20266,1998,4,15,1309,43.8843,-62.8797,"CTD_98002_26_1_DN.ODF",2
183,1998,4,15,900,43.92,-62.96,20266,1998,4,15,1309,43.8843,-62.8797,"CTD_98002_26_1_DN.ODF",2
184,1998,4,18,830,44.4,-62.2,20273,1998,4,18,939,44.4135,-62.1928,"CTD_98002_32_1_DN.ODF",2
185,1998,4,19,630,44.13,-59.1,20277,1998,4,19,741,44.1393,-59.1103,"CTD_98002_36_1_DN.ODF",2
186,1998,4,19,1400,44.82,-58.83,20278,1998,4,19,1344,44.8143,-58.8465,"CTD_98002_37_1_DN.ODF",2
187,1998,4,21,1700,46.95,-60.21,20284,1998,4,21,217,47.0075,-60.1075,"CTD_98002_48_1_DN.ODF",2
187,1998,4,21,1700,46.95,-60.21,20285,1998,4,21,350,46.9593,-60.2163,"CTD_98002_49_1_DN.ODF",2
188,1998,4,21,1845,47.09,-59.99,20284,1998,4,21,217,47.0075,-60.1075,"CTD_98002_48_1_DN.ODF",2
188,1998,4,21,1845,47.09,-59.99,20291,1998,4,21,2239,47.1017,-59.9873,"CTD_98002_47_1_DN.ODF",2
189,1998,4,22,1730,47.57,-59.33,20294,1998,4,22,1845,47.5787,-59.3325,"CTD_98002_52_1_DN.ODF",2
190,1998,10,4,2145,44.14,-58.16,21282,1998,10,4,431,44.2267,-59.5577,"CTD_98050_5_1_DN.ODF",3
190,1998,10,4,2145,44.14,-58.16,21283,1998,10,4,710,44.1315,-59.1207,"CTD_98050_6_1_DN.ODF",3
190,1998,10,4,2145,44.14,-58.16,21284,1998,10,4,1609,43.7823,-57.8365,"CTD_98050_7_1_DN.ODF",3
191,1998,10,5,1845,44.73,-58.94,21288,1998,10,5,1500,44.8175,-58.8305,"CTD_98050_10_1_DN.ODF",2
192,1998,10,14,1250,43.84,-62.93,21318,1998,10,14,1320,43.8495,-62.923,"CTD_98050_31_1_DN.ODF",2
193,1998,10,17,1819,41.85,-65.51,21321,1998,10,17,240,42.0008,-65.5097,"CTD_98050_34_1_DN.ODF",2
193,1998,10,17,1819,41.85,-65.51,21322,1998,10,17,1438,41.8655,-65.3537,"CTD_98050_33_1_DN.ODF",2
194,1998,10,18,10,42,-65.51,21323,1998,10,18,506,42.129,-65.4972,"CTD_98050_35_1_DN.ODF",2
195,1998,10,18,1500,43.23,-65.07,21327,1998,10,18,2133,43.2503,-65.0632,"CTD_98050_39_1_DN.ODF",2
196,1998,10,19,1700,42.61,-64.04,21332,1998,10,19,1211,42.7627,-64.1772,"CTD_98050_43_1_DN.ODF",2
196,1998,10,19,1700,42.61,-64.04,21333,1998,10,19,1405,42.618,-64.0702,"CTD_98050_44_1_DN.ODF",2
197,1998,10,20,1400,43.98,-63.15,21334,1998,10,20,1549,43.975,-63.1667,"CTD_98050_46_1_DN.ODF",2
198,1999,4,9,1632,43.26,-65.05,21911,1999,4,9,1422,43.2547,-65.0408,"CTD_99003_RL1_1_DN.ODF",2
199,1999,4,17,2108,43.9,-62.84,21943,1999,4,17,2211,43.8833,-62.8817,"CTD_99003_HL3(EMERALDBA_1_DN.ODF",2
200,1999,10,25,626,42,-65.48,22490,1999,10,27,1247,42.1253,-66.7005,"CTD_99055_001_220001_DN.ODF",4
200,1999,10,25,626,42,-65.48,22491,1999,10,27,2153,42.126,-66.8775,"CTD_99055_002_220002_DN.ODF",4
200,1999,10,25,626,42,-65.48,22492,1999,10,28,1155,42.1207,-67.1497,"CTD_99055_003_220003_DN.ODF",4
201,1999,10,25,1054,41.86,-65.34,22490,1999,10,27,1247,42.1253,-66.7005,"CTD_99055_001_220001_DN.ODF",4
201,1999,10,25,1054,41.86,-65.34,22491,1999,10,27,2153,42.126,-66.8775,"CTD_99055_002_220002_DN.ODF",4
201,1999,10,25,1054,41.86,-65.34,22492,1999,10,28,1155,42.1207,-67.1497,"CTD_99055_003_220003_DN.ODF",4
202,1999,10,26,557,42.61,-64.07,22489,1999,10,27,1227,44.6883,-63.6383,"CTD_99667_29_1_DN.ODF",4
202,1999,10,26,557,42.61,-64.07,22490,1999,10,27,1247,42.1253,-66.7005,"CTD_99055_001_220001_DN.ODF",4
202,1999,10,26,557,42.61,-64.07,22491,1999,10,27,2153,42.126,-66.8775,"CTD_99055_002_220002_DN.ODF",4
203,1999,10,28,2209,44.12,-58.18,22492,1999,10,28,1155,42.1207,-67.1497,"CTD_99055_003_220003_DN.ODF",3
203,1999,10,28,2209,44.12,-58.18,22493,1999,10,28,2151,42.123,-67.3907,"CTD_99055_004_220004_DN.ODF",3
204,1999,11,7,1631,43.88,-62.94,22503,1999,11,7,1338,45.1335,-60.9573,"CTD_99060_003_220014_DN.ODF",3
204,1999,11,7,1631,43.88,-62.94,22504,1999,11,7,2251,44.8655,-61.1728,"CTD_99060_004_220015_DN.ODF",3
205,1999,11,9,152,44.23,-59.56,22506,1999,11,9,1240,43.7097,-62.074,"CTD_99060_006_220017_DN.ODF",3
205,1999,11,9,152,44.23,-59.56,22507,1999,11,9,2249,43.297,-61.8787,"CTD_99060_007_220018_DN.ODF",3
206,1999,11,9,1040,43.61,-59.22,22506,1999,11,9,1240,43.7097,-62.074,"CTD_99060_006_220017_DN.ODF",3
206,1999,11,9,1040,43.61,-59.22,22507,1999,11,9,2249,43.297,-61.8787,"CTD_99060_007_220018_DN.ODF",3
207,1999,11,9,1727,44.01,-59.04,22506,1999,11,9,1240,43.7097,-62.074,"CTD_99060_006_220017_DN.ODF",3
207,1999,11,9,1727,44.01,-59.04,22507,1999,11,9,2249,43.297,-61.8787,"CTD_99060_007_220018_DN.ODF",3
208,1999,11,9,1727,44.02,-59.04,22506,1999,11,9,1240,43.7097,-62.074,"CTD_99060_006_220017_DN.ODF",3
208,1999,11,9,1727,44.02,-59.04,22507,1999,11,9,2249,43.297,-61.8787,"CTD_99060_007_220018_DN.ODF",3
209,1999,11,10,31,43.8,-58.91,22508,1999,11,10,1123,43.534,-62.4622,"CTD_99060_008_220019_DN.ODF",3
209,1999,11,10,31,43.8,-58.91,22509,1999,11,10,1347,44.6883,-63.6383,"CTD_99667_30_1_DN.ODF",3
209,1999,11,10,31,43.8,-58.91,22510,1999,11,10,2127,43.9418,-62.496,"CTD_99060_009_220020_DN.ODF",3
210,1999,11,10,1240,44.14,-59.11,22508,1999,11,10,1123,43.534,-62.4622,"CTD_99060_008_220019_DN.ODF",3
210,1999,11,10,1240,44.14,-59.11,22509,1999,11,10,1347,44.6883,-63.6383,"CTD_99667_30_1_DN.ODF",3
210,1999,11,10,1240,44.14,-59.11,22510,1999,11,10,2127,43.9418,-62.496,"CTD_99060_009_220020_DN.ODF",3
211,1999,11,10,1452,44.03,-59.04,22508,1999,11,10,1123,43.534,-62.4622,"CTD_99060_008_220019_DN.ODF",3
211,1999,11,10,1452,44.03,-59.04,22509,1999,11,10,1347,44.6883,-63.6383,"CTD_99667_30_1_DN.ODF",3
211,1999,11,10,1452,44.03,-59.04,22510,1999,11,10,2127,43.9418,-62.496,"CTD_99060_009_220020_DN.ODF",3
212,1999,11,11,1034,44.13,-59.26,22511,1999,11,11,1119,44.2965,-62.4155,"CTD_99060_10_220021_DN.ODF",3
213,2000,4,7,1045,43.25,-65.03,22782,2000,4,7,1025,43.25,-65.0495,"CTD_PAR2000002_002_1_DN.ODF",2
214,2000,4,11,2040,43.88,-62.88,22809,2000,4,11,2312,43.883,-62.8842,"CTD_PAR2000002_032_1_DN.ODF",2
215,2000,4,14,2000,44.22,-59.56,22818,2000,4,14,1041,43.5802,-61.5198,"CTD_PAR2000002_040_1_DN.ODF",3
215,2000,4,14,2000,44.22,-59.56,22820,2000,4,14,1305,43.79,-61.211,"CTD_PAR2000002_041_1_DN.ODF",3
215,2000,4,14,2000,44.22,-59.56,22821,2000,4,14,1648,44.2998,-60.4595,"CTD_PAR2000002_042_1_DN.ODF",3
216,2000,4,14,2320,44.13,-59.11,22818,2000,4,14,1041,43.5802,-61.5198,"CTD_PAR2000002_040_1_DN.ODF",3
216,2000,4,14,2320,44.13,-59.11,22820,2000,4,14,1305,43.79,-61.211,"CTD_PAR2000002_041_1_DN.ODF",3
216,2000,4,14,2320,44.13,-59.11,22821,2000,4,14,1648,44.2998,-60.4595,"CTD_PAR2000002_042_1_DN.ODF",3
217,2000,4,15,1825,44.01,-59.04,22823,2000,4,15,1627,44.1332,-59.1155,"CTD_PAR2000002_044_1_DN.ODF",2
218,2000,4,15,2125,43.8,-58.9,22822,2000,4,15,1050,44.2265,-59.5625,"CTD_PAR2000002_043_1_DN.ODF",3
218,2000,4,15,2125,43.8,-58.9,22823,2000,4,15,1627,44.1332,-59.1155,"CTD_PAR2000002_044_1_DN.ODF",3
219,2000,4,18,1815,44.1,-59.99,22836,2000,4,18,536,45.825,-59.851,"CTD_PAR2000002_055_1_DN.ODF",3
219,2000,4,18,1815,44.1,-59.99,22837,2000,4,18,1323,46.9578,-60.2173,"CTD_PAR2000002_056_1_DN.ODF",3
219,2000,4,18,1815,44.1,-59.99,22838,2000,4,18,1507,47.0225,-60.116,"CTD_PAR2000002_057_1_DN.ODF",3
220,2000,10,1,1158,43.27,-65.03,23715,2000,10,1,925,43.251,-65.0487,"CTD_HUD2000050_3_1_DN.ODF",2
221,2000,10,2,1220,41.98,-65.5,23722,2000,10,2,651,42.1278,-65.4988,"CTD_HUD2000050_9_1_DN.ODF",2
221,2000,10,2,1220,41.98,-65.5,23723,2000,10,2,1046,42.002,-65.494,"CTD_HUD2000050_10_1_DN.ODF",2
221,2000,10,2,1220,41.98,-65.5,23725,2000,10,2,1603,41.869,-65.3593,"CTD_HUD2000050_11_1_DN.ODF",2
222,2000,10,2,1417,41.87,-65.35,23723,2000,10,2,1046,42.002,-65.494,"CTD_HUD2000050_10_1_DN.ODF",2
222,2000,10,2,1417,41.87,-65.35,23725,2000,10,2,1603,41.869,-65.3593,"CTD_HUD2000050_11_1_DN.ODF",2
223,2000,10,7,1325,43.91,-62.88,23751,2000,10,7,1240,43.9152,-62.8868,"CTD_HUD2000050_20_1_DN.ODF",2
224,2000,10,9,1655,44.24,-59.58,23759,2000,10,9,1421,44.23,-59.5623,"CTD_HUD2000050_30_1_DN.ODF",2
225,2000,10,10,2016,44.15,-59.25,23763,2000,10,10,1808,44.1497,-59.2497,"CTD_HUD2000050_34_1_DN.ODF",2
226,2000,10,10,2221,43.99,-59.01,23761,2000,10,10,855,43.809,-58.9182,"CTD_HUD2000050_32_1_DN.ODF",2
226,2000,10,10,2221,43.99,-59.01,23762,2000,10,10,1433,44.0212,-59.0427,"CTD_HUD2000050_33_1_DN.ODF",2
227,2000,10,11,1825,44.12,-58.18,23768,2000,10,11,1733,44.125,-58.1828,"CTD_HUD2000050_36_1_DN.ODF",2
228,2000,10,13,1403,47.26,-59.74,23776,2000,10,13,1110,47.2705,-59.7802,"CTD_HUD2000050_46_1_DN.ODF",2
228,2000,10,13,1403,47.26,-59.74,23777,2000,10,13,1614,47.4298,-59.558,"CTD_HUD2000050_47_1_DN.ODF",2
229,2000,10,14,1626,45.96,-57.59,23781,2000,10,14,1443,45.9792,-57.606,"CTD_HUD2000050_51_1_DN.ODF",2
230,2000,10,15,925,43.78,-58.89,23770,2000,10,12,420,44.8145,-58.8425,"CTD_HUD2000050_38_1_DN.ODF",4
230,2000,10,15,925,43.78,-58.89,23786,2000,10,16,1832,44.455167,-59.1385,"CTD_SENTINEL2000_184_1_DN.ODF",4
230,2000,10,15,925,43.78,-58.89,23787,2000,10,17,1215,44.387167,-59.875333,"CTD_SENTINEL2000_153_1_DN.ODF",4
231,2001,5,2,1112,43.25,-65.04,24021,2001,5,2,907,43.2535,-65.0427,"CTD_HUD2001009_3_1_DN.ODF",2
232,2001,5,9,16,43.87,-62.87,24058,2001,5,9,1246,43.3905,-61.7903,"CTD_HUD2001009_WB1_1_DN.ODF",3
232,2001,5,9,16,43.87,-62.87,24059,2001,5,9,1549,43.5795,-61.5202,"CTD_HUD2001009_31_1_DN.ODF",3
232,2001,5,9,16,43.87,-62.87,24060,2001,5,9,1738,43.7902,-61.2082,"CTD_HUD2001009_WB3_1_DN.ODF",3
233,2001,5,10,120,44.03,-59.02,24061,2001,5,10,543,44.0243,-59.018,"CTD_HUD2001009_33_1_DN.ODF",2
234,2001,10,26,1653,43.25,-65.05,24805,2001,10,26,1354,43.252,-65.0532,"CTD_HUD2001061_015_1_DN.ODF",2
235,2001,10,29,500,43.87,-62.86,24812,2001,10,29,717,43.8763,-62.8768,"CTD_HUD2001061_23_1_DN.ODF",2
236,2001,10,31,2335,44.04,-59.03,24819,2001,10,31,318,44.0173,-59.037,"CTD_HUD2001061_DEEPGULLY#3._1_DN.ODF",2
237,2002,10,22,4,43.88,-62.83,25909,2002,10,22,748,44.2662,-63.3155,"CTD_HUD2002064_012_1_DN.ODF",3
237,2002,10,22,4,43.88,-62.83,25911,2002,10,22,1142,44.2223,-62.2438,"CTD_SENTINEL02_43_1_DN.ODF",3
237,2002,10,22,4,43.88,-62.83,25912,2002,10,22,1142,44.2223,-62.2438,"CTD_SENTINEL02_43_1_DN.ODF",3
238,2002,10,22,2223,43.27,-65.02,25915,2002,10,22,2356,43.2477,-65.0455,"CTD_HUD2002064_014_1_DN.ODF",2
239,2003,4,18,1805,43.84,-62.84,26204,2003,4,15,1220,44.678,-63.4455,"CTD_BCD2003667_20_1_DN.ODF",4
239,2003,4,18,1805,43.84,-62.84,26205,2003,4,15,1245,44.687,-63.6318,"CTD_BCD2003667_21_1_DN.ODF",4
239,2003,4,18,1805,43.84,-62.84,26206,2003,4,15,1259,44.6883,-63.6383,"CTD_BCD2003667_22_1_DN.ODF",4
240,2003,10,20,612,43.26,-65.04,26748,2003,10,20,521,43.2475,-65.048,"CTD_HUD2003067_02_1_DN.ODF",2
241,2003,10,23,1431,43.91,-62.92,26770,2003,10,23,1527,43.8817,-62.8805,"CTD_HUD2003067_017_1_DN.ODF",2
242,2004,4,27,408,43.26,-65.05,26969,2004,4,27,544,43.2532,-65.051,"CTD_HUD2004009_019RL1_1_DN.ODF",2
243,2004,4,27,1337,43.85,-62.91,26970,2004,4,27,1524,43.8842,-62.8828,"CTD_HUD2004009_020_1_DN.ODF",2
244,2004,4,28,618,44,-59.04,26972,2004,4,28,418,44.02,-59.0398,"CTD_HUD2004009_021_1_DN.ODF",2
245,2004,10,20,225,43.25,-65.03,27563,2004,10,20,534,43.2512,-65.4808,"CTD_HUD2004055_BBL1_1_DN.ODF",3
245,2004,10,20,225,43.25,-65.03,27564,2004,10,20,901,42.992,-65.4817,"CTD_HUD2004055_012_1_DN.ODF",3
245,2004,10,20,225,43.25,-65.03,27565,2004,10,20,1154,42.7515,-65.4845,"CTD_HUD2004055_016_1_DN.ODF",3
246,2004,10,27,1058,43.99,-59.04,27592,2004,10,27,1317,44.0143,-59.048,"CTD_HUD2004055_106_1_DN.ODF",2
247,2005,6,13,221,43.35,-67.05,27883,2005,6,13,439,43.3392,-67.2307,"CTD_HUD2005021_003_1_DN.ODF",2
248,2005,6,13,513,43.34,-67.21,27883,2005,6,13,439,43.3392,-67.2307,"CTD_HUD2005021_003_1_DN.ODF",2
249,2005,6,13,1749,43.32,-67.09,27883,2005,6,13,439,43.3392,-67.2307,"CTD_HUD2005021_003_1_DN.ODF",2
250,2005,6,15,1638,41.72,-65.77,27886,2005,6,15,1244,41.7653,-65.7392,"CTD_HUD2005021_006_1_DN.ODF",2
251,2005,6,16,620,42.04,-65.64,27888,2005,6,16,410,41.993,-65.726,"CTD_HUD2005021_007_1_DN.ODF",2
252,2005,6,16,1229,42.01,-65.68,27888,2005,6,16,410,41.993,-65.726,"CTD_HUD2005021_007_1_DN.ODF",2
253,2005,10,22,1343,44.05,-59.03,28358,2005,10,22,1617,44.02,-59.0382,"CTD_HUD2005055_069_1_DN.ODF",2
253,2005,10,22,1343,44.05,-59.03,28359,2005,10,22,1617,44.02,-59.0382,"CTD_HUD2005055_069_1_DN.ODF",2
254,2005,10,29,1057,43.87,-62.91,28379,2005,10,29,734,43.8795,-62.88,"CTD_HUD2005055_100_1_DN.ODF",2
254,2005,10,29,1057,43.87,-62.91,28380,2005,10,29,734,43.8795,-62.88,"CTD_HUD2005055_100_1_DN.ODF",2
255,2005,10,29,1823,43.23,-65.08,28381,2005,10,29,2132,43.2374,-65.0712,"CTD_HUD2005055_109_1_DN.ODF",2
255,2005,10,29,1823,43.23,-65.08,28382,2005,10,29,2132,43.2374,-65.0712,"CTD_HUD2005055_109_1_DN.ODF",2
256,2006,4,24,2011,44,-59.04,28572,2006,4,24,116,44.0862,-59.033,"CTD_HUD2006008_038_1_DN.ODF",2
256,2006,4,24,2011,44,-59.04,28573,2006,4,24,232,44.0698,-59.0662,"CTD_HUD2006008_039_1_DN.ODF",2
256,2006,4,24,2011,44,-59.04,28574,2006,4,24,606,44.0145,-58.9853,"CTD_HUD2006008_031_1_DN.ODF",2
256,2006,4,24,2011,44,-59.04,28575,2006,4,24,736,44.028,-58.9598,"CTD_HUD2006008_032_1_DN.ODF",2
257,2006,4,24,2305,44.23,-59.1,28572,2006,4,24,116,44.0862,-59.033,"CTD_HUD2006008_038_1_DN.ODF",2
257,2006,4,24,2305,44.23,-59.1,28573,2006,4,24,232,44.0698,-59.0662,"CTD_HUD2006008_039_1_DN.ODF",2
258,2006,4,25,929,44.22,-59.53,28579,2006,4,25,756,44.2293,-59.5593,"CTD_HUD2006008_042_1_DN.ODF",2
259,2006,4,30,1157,43.86,-62.89,28608,2006,4,30,414,43.6673,-60.6453,"CTD_HUD2006008_110_1_DN.ODF",3
260,2006,5,3,420,43.23,-65.07,28610,2006,5,3,642,43.2497,-65.0502,"CTD_HUD2006008_116_1_DN.ODF",2
261,2007,4,5,2119,43.23,-65.03,29584,2007,4,5,2204,43.2333,-65.05,"CTD_HUD2007001_013_1_DN.ODF",2
261,2007,4,5,2119,43.23,-65.03,29585,2007,4,5,2242,43.2333,-65.05,"CTD_HUD2007001_014_1_DN.ODF",2
262,2007,4,10,2344,43.87,-62.89,29602,2007,4,10,1150,42.8333,-61.7333,"CTD_HUD2007001_056_1_DN.ODF",3
262,2007,4,10,2344,43.87,-62.89,29603,2007,4,10,1411,42.9833,-61.75,"CTD_HUD2007001_058_1_DN.ODF",3
262,2007,4,10,2344,43.87,-62.89,29604,2007,4,10,1500,42.9167,-61.7,"CTD_HUD2007001_059_1_DN.ODF",3
263,2008,10,8,1155,43.87,-62.87,NA,NA,NA,NA,NA,NA,NA,NA,0
264,2008,10,10,1948,42.61,-64.08,NA,NA,NA,NA,NA,NA,NA,NA,0
265,2008,10,11,1403,42,-65.48,31245,2008,10,14,1326,44.9333,-66.8504,"CTD_BCD2008669_10_01_DN.ODF",4
266,2008,10,12,1456,42.25,-65.86,31245,2008,10,14,1326,44.9333,-66.8504,"CTD_BCD2008669_10_01_DN.ODF",4
267,2008,10,13,928,42.88,-66.02,31245,2008,10,14,1326,44.9333,-66.8504,"CTD_BCD2008669_10_01_DN.ODF",4
267,2008,10,13,928,42.88,-66.02,31246,2008,10,16,1251,47.7833,-64.0333,"CTD_BCD2008668_005_01_DN.ODF",4
268,2008,10,13,1413,43.23,-65.07,31245,2008,10,14,1326,44.9333,-66.8504,"CTD_BCD2008669_10_01_DN.ODF",4
268,2008,10,13,1413,43.23,-65.07,31246,2008,10,16,1251,47.7833,-64.0333,"CTD_BCD2008668_005_01_DN.ODF",4
269,2008,10,18,2125,44.12,-58.18,31246,2008,10,16,1251,47.7833,-64.0333,"CTD_BCD2008668_005_01_DN.ODF",4
